"Date","Yield from British Government Securities, 5 year Nominal Par Yield              [a]             IUDSNPY"
"26 Jan 26","3.958"
"23 Jan 26","3.956"
"22 Jan 26","3.9208"
"21 Jan 26","3.8995"
"20 Jan 26","3.9102"
"19 Jan 26","3.8742"
"16 Jan 26","3.8776"
"15 Jan 26","3.8472"
"14 Jan 26","3.8068"
"13 Jan 26","3.8481"
"12 Jan 26","3.8262"
"09 Jan 26","3.8259"
"08 Jan 26","3.8586"
"07 Jan 26","3.8616"
"06 Jan 26","3.9213"
"05 Jan 26","3.9453"
"02 Jan 26","3.9655"
"31 Dec 25","3.9281"
"30 Dec 25","3.9458"
"29 Dec 25","3.9458"
"24 Dec 25","3.9639"
"23 Dec 25","3.9548"
"22 Dec 25","3.9663"
"19 Dec 25","3.9544"
"18 Dec 25","3.9164"
"17 Dec 25","3.8933"
"16 Dec 25","3.9483"
"15 Dec 25","3.9228"
"12 Dec 25","3.9438"
"11 Dec 25","3.9305"
"10 Dec 25","3.9628"
"09 Dec 25","3.947"
"08 Dec 25","3.9619"
"05 Dec 25","3.8878"
"04 Dec 25","3.8373"
"03 Dec 25","3.8558"
"02 Dec 25","3.8737"
"01 Dec 25","3.8499"
"28 Nov 25","3.8557"
"27 Nov 25","3.8601"
"26 Nov 25","3.8284"
"25 Nov 25","3.8743"
"24 Nov 25","3.928"
"21 Nov 25","3.885"
"20 Nov 25","3.9075"
"19 Nov 25","3.9601"
"18 Nov 25","3.9173"
"17 Nov 25","3.9219"
"14 Nov 25","3.9339"
"13 Nov 25","3.8488"
"12 Nov 25","3.8162"
"11 Nov 25","3.7988"
"10 Nov 25","3.8646"
"07 Nov 25","3.8664"
"06 Nov 25","3.8478"
"05 Nov 25","3.8748"
"04 Nov 25","3.8191"
"03 Nov 25","3.852"
"31 Oct 25","3.8234"
"30 Oct 25","3.8407"
"29 Oct 25","3.8114"
"28 Oct 25","3.8045"
"27 Oct 25","3.812"
"24 Oct 25","3.8265"
"23 Oct 25","3.8087"
"22 Oct 25","3.7988"
"21 Oct 25","3.8788"
"20 Oct 25","3.887"
"17 Oct 25","3.908"
"16 Oct 25","3.8902"
"15 Oct 25","3.9113"
"14 Oct 25","3.946"
"13 Oct 25","4.02"
"10 Oct 25","4.0347"
"09 Oct 25","4.0948"
"08 Oct 25","4.0698"
"07 Oct 25","4.0805"
"06 Oct 25","4.0446"
"03 Oct 25","4.0338"
"02 Oct 25","4.0536"
"01 Oct 25","4.0206"
"30 Sep 25","4.0363"
"29 Sep 25","4.0397"
"26 Sep 25","4.0864"
"25 Sep 25","4.0785"
"24 Sep 25","4.001"
"23 Sep 25","4.0072"
"22 Sep 25","4.0245"
"19 Sep 25","4.0344"
"18 Sep 25","4.0013"
"17 Sep 25","3.9818"
"16 Sep 25","3.9957"
"15 Sep 25","3.9783"
"12 Sep 25","3.9958"
"11 Sep 25","3.9597"
"10 Sep 25","3.9726"
"09 Sep 25","3.9523"
"08 Sep 25","3.9222"
"05 Sep 25","3.9501"
"04 Sep 25","4.0234"
"03 Sep 25","4.0221"
"02 Sep 25","4.0601"
"01 Sep 25","4.0219"
"29 Aug 25","4.0047"
"28 Aug 25","4.0022"
"27 Aug 25","4.0125"
"26 Aug 25","4.024"
"22 Aug 25","3.9865"
"21 Aug 25","4.0222"
"20 Aug 25","3.9727"
"19 Aug 25","4.0331"
"18 Aug 25","4.0223"
"15 Aug 25","3.9673"
"14 Aug 25","3.9464"
"13 Aug 25","3.8975"
"12 Aug 25","3.9288"
"11 Aug 25","3.8903"
"08 Aug 25","3.9149"
"07 Aug 25","3.8916"
"06 Aug 25","3.8392"
"05 Aug 25","3.8328"
"04 Aug 25","3.8349"
"01 Aug 25","3.8434"
"31 Jul 25","3.8883"
"30 Jul 25","3.9305"
"29 Jul 25","3.9387"
"28 Jul 25","3.9625"
"25 Jul 25","3.9439"
"24 Jul 25","3.9395"
"23 Jul 25","3.9155"
"22 Jul 25","3.9407"
"21 Jul 25","3.972"
"18 Jul 25","4.0199"
"17 Jul 25","3.9869"
"16 Jul 25","3.9865"
"15 Jul 25","3.9406"
"14 Jul 25","3.8808"
"11 Jul 25","3.9762"
"10 Jul 25","3.9612"
"09 Jul 25","3.9385"
"08 Jul 25","3.9539"
"07 Jul 25","3.9262"
"04 Jul 25","3.9238"
"03 Jul 25","3.9285"
"02 Jul 25","3.9663"
"01 Jul 25","3.8236"
"30 Jun 25","3.8231"
"27 Jun 25","3.8797"
"26 Jun 25","3.8465"
"25 Jun 25","3.9173"
"24 Jun 25","3.8859"
"23 Jun 25","3.894"
"20 Jun 25","3.9389"
"19 Jun 25","3.9735"
"18 Jun 25","3.9311"
"17 Jun 25","3.9473"
"16 Jun 25","3.9331"
"13 Jun 25","3.9861"
"12 Jun 25","3.8865"
"11 Jun 25","4.0259"
"10 Jun 25","3.9717"
"09 Jun 25","4.0628"
"06 Jun 25","4.0167"
"05 Jun 25","4.0124"
"04 Jun 25","4.0215"
"03 Jun 25","3.9772"
"02 Jun 25","4.0151"
"30 May 25","4.0547"
"29 May 25","4.0321"
"28 May 25","4.1444"
"27 May 25","4.0385"
"23 May 25","4.0372"
"22 May 25","4.1028"
"21 May 25","4.1239"
"20 May 25","4.0779"
"19 May 25","4.0371"
"16 May 25","3.9744"
"15 May 25","4.0211"
"14 May 25","4.0691"
"13 May 25","4.0054"
"12 May 25","4.0386"
"09 May 25","3.8846"
"08 May 25","3.8903"
"07 May 25","3.8438"
"06 May 25","3.84"
"02 May 25","3.876"
"01 May 25","3.8005"
"30 Apr 25","3.8105"
"29 Apr 25","3.8352"
"28 Apr 25","3.8508"
"25 Apr 25","3.8017"
"24 Apr 25","3.9044"
"23 Apr 25","3.9468"
"22 Apr 25","3.8972"
"17 Apr 25","3.8717"
"16 Apr 25","3.9141"
"15 Apr 25","3.9909"
"14 Apr 25","4.0231"
"11 Apr 25","4.0682"
"10 Apr 25","3.9963"
"09 Apr 25","4.0389"
"08 Apr 25","3.9515"
"07 Apr 25","3.9671"
"04 Apr 25","3.9309"
"03 Apr 25","3.962"
"02 Apr 25","4.112"
"01 Apr 25","4.1093"
"31 Mar 25","4.1527"
"28 Mar 25","4.1772"
"27 Mar 25","4.2349"
"26 Mar 25","4.2244"
"25 Mar 25","4.2389"
"24 Mar 25","4.203"
"21 Mar 25","4.1968"
"20 Mar 25","4.1845"
"19 Mar 25","4.1509"
"18 Mar 25","4.1515"
"17 Mar 25","4.1315"
"14 Mar 25","4.1396"
"13 Mar 25","4.1615"
"12 Mar 25","4.1892"
"11 Mar 25","4.1381"
"10 Mar 25","4.1355"
"07 Mar 25","4.1544"
"06 Mar 25","4.2138"
"05 Mar 25","4.2081"
"04 Mar 25","4.059"
"03 Mar 25","4.1228"
"28 Feb 25","4.0651"
"27 Feb 25","4.0786"
"26 Feb 25","4.0982"
"25 Feb 25","4.0863"
"24 Feb 25","4.1281"
"21 Feb 25","4.1623"
"20 Feb 25","4.2019"
"19 Feb 25","4.2007"
"18 Feb 25","4.1407"
"17 Feb 25","4.1035"
"14 Feb 25","4.1025"
"13 Feb 25","4.091"
"12 Feb 25","4.1408"
"11 Feb 25","4.1024"
"10 Feb 25","4.0411"
"07 Feb 25","4.0302"
"06 Feb 25","4.043"
"05 Feb 25","3.9721"
"04 Feb 25","4.1212"
"03 Feb 25","4.0639"
"31 Jan 25","4.1068"
"30 Jan 25","4.1493"
"29 Jan 25","4.237"
"28 Jan 25","4.2051"
"27 Jan 25","4.1529"
"24 Jan 25","4.2337"
"23 Jan 25","4.2317"
"22 Jan 25","4.2269"
"21 Jan 25","4.2219"
"20 Jan 25","4.236"
"17 Jan 25","4.2189"
"16 Jan 25","4.2384"
"15 Jan 25","4.3222"
"14 Jan 25","4.4838"
"13 Jan 25","4.4746"
"10 Jan 25","4.4161"
"09 Jan 25","4.3639"
"08 Jan 25","4.3988"
"07 Jan 25","4.2691"
"06 Jan 25","4.2737"
"03 Jan 25","4.2153"
"02 Jan 25","4.1994"
"31 Dec 24","4.19"
"30 Dec 24","4.2699"
"27 Dec 24","4.2602"
"24 Dec 24","4.2686"
"23 Dec 24","4.2067"
"20 Dec 24","4.1472"
"19 Dec 24","4.2224"
"18 Dec 24","4.2112"
"17 Dec 24","4.244"
"16 Dec 24","4.1631"
"13 Dec 24","4.1292"
"12 Dec 24","4.0701"
"11 Dec 24","4.0588"
"10 Dec 24","4.0681"
"09 Dec 24","4.0207"
"06 Dec 24","4.0464"
"05 Dec 24","4.028"
"04 Dec 24","3.988"
"03 Dec 24","3.9914"
"02 Dec 24","3.9807"
"29 Nov 24","3.9977"
"28 Nov 24","4.0735"
"27 Nov 24","4.0811"
"26 Nov 24","4.0658"
"25 Nov 24","4.0748"
"22 Nov 24","4.1098"
"21 Nov 24","4.1684"
"20 Nov 24","4.141"
"19 Nov 24","4.1089"
"18 Nov 24","4.1633"
"15 Nov 24","4.1567"
"14 Nov 24","4.1739"
"13 Nov 24","4.2342"
"12 Nov 24","4.1804"
"11 Nov 24","4.1366"
"08 Nov 24","4.2101"
"07 Nov 24","4.1974"
"06 Nov 24","4.2713"
"05 Nov 24","4.3044"
"04 Nov 24","4.1997"
"01 Nov 24","4.1903"
"31 Oct 24","4.169"
"30 Oct 24","4.0982"
"29 Oct 24","4.0092"
"28 Oct 24","4.0244"
"25 Oct 24","3.9051"
"24 Oct 24","3.9051"
"23 Oct 24","3.9243"
"22 Oct 24","3.8751"
"21 Oct 24","3.8489"
"18 Oct 24","3.7866"
"17 Oct 24","3.8358"
"16 Oct 24","3.8085"
"15 Oct 24","3.9325"
"14 Oct 24","3.923"
"11 Oct 24","3.9459"
"10 Oct 24","3.9469"
"09 Oct 24","3.9095"
"08 Oct 24","3.9242"
"07 Oct 24","3.9496"
"04 Oct 24","3.8813"
"03 Oct 24","3.7262"
"02 Oct 24","3.7767"
"01 Oct 24","3.6838"
"30 Sep 24","3.7386"
"27 Sep 24","3.7107"
"26 Sep 24","3.7027"
"25 Sep 24","3.7167"
"24 Sep 24","3.6598"
"23 Sep 24","3.6628"
"20 Sep 24","3.6556"
"19 Sep 24","3.6306"
"18 Sep 24","3.6029"
"17 Sep 24","3.5237"
"16 Sep 24","3.4962"
"13 Sep 24","3.5136"
"12 Sep 24","3.5246"
"11 Sep 24","3.5819"
"10 Sep 24","3.5819"
"09 Sep 24","3.6107"
"06 Sep 24","3.6532"
"05 Sep 24","3.7002"
"04 Sep 24","3.7097"
"03 Sep 24","3.7673"
"02 Sep 24","3.8276"
"30 Aug 24","3.792"
"29 Aug 24","3.811"
"28 Aug 24","3.7995"
"27 Aug 24","3.7954"
"23 Aug 24","3.7401"
"22 Aug 24","3.7852"
"21 Aug 24","3.7238"
"20 Aug 24","3.737"
"19 Aug 24","3.7609"
"16 Aug 24","3.7332"
"15 Aug 24","3.7165"
"14 Aug 24","3.6124"
"13 Aug 24","3.6629"
"12 Aug 24","3.72"
"09 Aug 24","3.717"
"08 Aug 24","3.7354"
"07 Aug 24","3.7303"
"06 Aug 24","3.6915"
"05 Aug 24","3.6301"
"02 Aug 24","3.6244"
"01 Aug 24","3.6694"
"31 Jul 24","3.7857"
"30 Jul 24","3.8499"
"29 Jul 24","3.8574"
"26 Jul 24","3.9027"
"25 Jul 24","3.9248"
"24 Jul 24","3.9505"
"23 Jul 24","3.9678"
"22 Jul 24","3.9761"
"19 Jul 24","3.947"
"18 Jul 24","3.8915"
"17 Jul 24","3.9364"
"16 Jul 24","3.9529"
"15 Jul 24","3.9529"
"12 Jul 24","3.9679"
"11 Jul 24","3.9284"
"10 Jul 24","3.9959"
"09 Jul 24","4.025"
"08 Jul 24","3.9824"
"05 Jul 24","3.9979"
"04 Jul 24","4.0628"
"03 Jul 24","4.0288"
"02 Jul 24","4.0926"
"01 Jul 24","4.1071"
"28 Jun 24","4.0484"
"27 Jun 24","4.0242"
"26 Jun 24","4.0252"
"25 Jun 24","3.9523"
"24 Jun 24","3.9599"
"21 Jun 24","3.9446"
"20 Jun 24","3.9249"
"19 Jun 24","3.9614"
"18 Jun 24","3.9487"
"17 Jun 24","3.9987"
"14 Jun 24","3.9513"
"13 Jun 24","4.0392"
"12 Jun 24","4.0275"
"11 Jun 24","4.1499"
"10 Jun 24","4.2067"
"07 Jun 24","4.1658"
"06 Jun 24","4.0832"
"05 Jun 24","4.1116"
"04 Jun 24","4.1056"
"03 Jun 24","4.1381"
"31 May 24","4.2045"
"30 May 24","4.2581"
"29 May 24","4.2947"
"28 May 24","4.1845"
"24 May 24","4.1845"
"23 May 24","4.1931"
"22 May 24","4.1411"
"21 May 24","4.0323"
"20 May 24","4.0549"
"17 May 24","4.0149"
"16 May 24","3.9473"
"15 May 24","3.9481"
"14 May 24","4.0444"
"13 May 24","4.0434"
"10 May 24","4.0392"
"09 May 24","4.0081"
"08 May 24","4.0225"
"07 May 24","4.0271"
"03 May 24","4.1202"
"02 May 24","4.1927"
"01 May 24","4.2797"
"30 Apr 24","4.2681"
"29 Apr 24","4.1927"
"26 Apr 24","4.2328"
"25 Apr 24","4.2537"
"24 Apr 24","4.2191"
"23 Apr 24","4.1336"
"22 Apr 24","4.0789"
"19 Apr 24","4.1403"
"18 Apr 24","4.1797"
"17 Apr 24","4.2064"
"16 Apr 24","4.2054"
"15 Apr 24","4.1383"
"12 Apr 24","4.0391"
"11 Apr 24","4.1199"
"10 Apr 24","4.0287"
"09 Apr 24","3.8967"
"08 Apr 24","3.9459"
"05 Apr 24","3.9226"
"04 Apr 24","3.8628"
"03 Apr 24","3.9151"
"02 Apr 24","3.9285"
"28 Mar 24","3.802"
"27 Mar 24","3.8102"
"26 Mar 24","3.8422"
"25 Mar 24","3.8541"
"22 Mar 24","3.7983"
"21 Mar 24","3.8472"
"20 Mar 24","3.939"
"19 Mar 24","3.939"
"18 Mar 24","3.986"
"15 Mar 24","4.0023"
"14 Mar 24","3.982"
"13 Mar 24","3.9177"
"12 Mar 24","3.8582"
"11 Mar 24","3.8891"
"08 Mar 24","3.9119"
"07 Mar 24","3.957"
"06 Mar 24","3.937"
"05 Mar 24","3.9438"
"04 Mar 24","4.0416"
"01 Mar 24","3.9933"
"29 Feb 24","4.0167"
"28 Feb 24","4.0702"
"27 Feb 24","4.0526"
"26 Feb 24","4.0067"
"23 Feb 24","3.9761"
"22 Feb 24","4.0193"
"21 Feb 24","4.0099"
"20 Feb 24","3.9654"
"19 Feb 24","4.0326"
"16 Feb 24","4.0267"
"15 Feb 24","3.9613"
"14 Feb 24","3.9762"
"13 Feb 24","4.0739"
"12 Feb 24","3.9771"
"09 Feb 24","4.0043"
"08 Feb 24","3.9426"
"07 Feb 24","3.8582"
"06 Feb 24","3.8435"
"05 Feb 24","3.924"
"02 Feb 24","3.7974"
"01 Feb 24","3.5893"
"31 Jan 24","3.6427"
"30 Jan 24","3.7744"
"29 Jan 24","3.7449"
"26 Jan 24","3.8075"
"25 Jan 24","3.8165"
"24 Jan 24","3.8551"
"23 Jan 24","3.8221"
"22 Jan 24","3.7238"
"19 Jan 24","3.7429"
"18 Jan 24","3.7449"
"17 Jan 24","3.7898"
"16 Jan 24","3.5936"
"15 Jan 24","3.5976"
"12 Jan 24","3.5995"
"11 Jan 24","3.6742"
"10 Jan 24","3.6441"
"09 Jan 24","3.6354"
"08 Jan 24","3.6292"
"05 Jan 24","3.6067"
"04 Jan 24","3.5496"
"03 Jan 24","3.5003"
"02 Jan 24","3.443"
"29 Dec 23","3.3583"
"28 Dec 23","3.3234"
"27 Dec 23","3.3066"
"22 Dec 23","3.3599"
"21 Dec 23","3.3945"
"20 Dec 23","3.4296"
"19 Dec 23","3.564"
"18 Dec 23","3.633"
"15 Dec 23","3.628"
"14 Dec 23","3.6934"
"13 Dec 23","3.7632"
"12 Dec 23","3.9099"
"11 Dec 23","4.0203"
"08 Dec 23","3.9571"
"07 Dec 23","3.9146"
"06 Dec 23","3.8956"
"05 Dec 23","3.927"
"04 Dec 23","4.0647"
"01 Dec 23","4.0254"
"30 Nov 23","4.0655"
"29 Nov 23","3.9927"
"28 Nov 23","4.0899"
"27 Nov 23","4.1387"
"24 Nov 23","4.2165"
"23 Nov 23","4.1779"
"22 Nov 23","4.0818"
"21 Nov 23","4.0172"
"20 Nov 23","4.0157"
"17 Nov 23","4.0131"
"16 Nov 23","4.0019"
"15 Nov 23","4.0943"
"14 Nov 23","4.0567"
"13 Nov 23","4.213"
"10 Nov 23","4.1918"
"09 Nov 23","4.1383"
"08 Nov 23","4.1217"
"07 Nov 23","4.1397"
"06 Nov 23","4.2134"
"03 Nov 23","4.157"
"02 Nov 23","4.2344"
"01 Nov 23","4.3287"
"31 Oct 23","4.3555"
"30 Oct 23","4.3919"
"27 Oct 23","4.4276"
"26 Oct 23","4.4276"
"25 Oct 23","4.4525"
"24 Oct 23","4.4115"
"23 Oct 23","4.4555"
"20 Oct 23","4.4891"
"19 Oct 23","4.5656"
"18 Oct 23","4.5599"
"17 Oct 23","4.419"
"16 Oct 23","4.3931"
"13 Oct 23","4.3204"
"12 Oct 23","4.3283"
"11 Oct 23","4.247"
"10 Oct 23","4.3042"
"09 Oct 23","4.3519"
"06 Oct 23","4.4536"
"05 Oct 23","4.4126"
"04 Oct 23","4.4887"
"03 Oct 23","4.4696"
"02 Oct 23","4.4393"
"29 Sep 23","4.327"
"28 Sep 23","4.4636"
"27 Sep 23","4.2808"
"26 Sep 23","4.2196"
"25 Sep 23","4.2222"
"22 Sep 23","4.193"
"21 Sep 23","4.2304"
"20 Sep 23","4.2006"
"19 Sep 23","4.3437"
"18 Sep 23","4.3952"
"15 Sep 23","4.3449"
"14 Sep 23","4.2825"
"13 Sep 23","4.3688"
"12 Sep 23","4.4411"
"11 Sep 23","4.4992"
"08 Sep 23","4.439"
"07 Sep 23","4.5148"
"06 Sep 23","4.61"
"05 Sep 23","4.583"
"04 Sep 23","4.5301"
"01 Sep 23","4.4781"
"31 Aug 23","4.4534"
"30 Aug 23","4.5325"
"29 Aug 23","4.567"
"25 Aug 23","4.6011"
"24 Aug 23","4.5517"
"23 Aug 23","4.5797"
"22 Aug 23","4.7844"
"21 Aug 23","4.84"
"18 Aug 23","4.7944"
"17 Aug 23","4.8321"
"16 Aug 23","4.7365"
"15 Aug 23","4.7136"
"14 Aug 23","4.688"
"11 Aug 23","4.6299"
"10 Aug 23","4.4853"
"09 Aug 23","4.5106"
"08 Aug 23","4.512"
"07 Aug 23","4.5233"
"04 Aug 23","4.5157"
"03 Aug 23","4.559"
"02 Aug 23","4.5449"
"01 Aug 23","4.5625"
"31 Jul 23","4.4359"
"28 Jul 23","4.4788"
"27 Jul 23","4.4412"
"26 Jul 23","4.4661"
"25 Jul 23","4.4459"
"24 Jul 23","4.4177"
"21 Jul 23","4.4399"
"20 Jul 23","4.455"
"19 Jul 23","4.3673"
"18 Jul 23","4.5076"
"17 Jul 23","4.6125"
"14 Jul 23","4.6434"
"13 Jul 23","4.6735"
"12 Jul 23","4.7782"
"11 Jul 23","4.9276"
"10 Jul 23","4.9069"
"07 Jul 23","4.9099"
"06 Jul 23","4.9669"
"05 Jul 23","4.8299"
"04 Jul 23","4.7638"
"03 Jul 23","4.7867"
"30 Jun 23","4.7289"
"29 Jun 23","4.6804"
"28 Jun 23","4.6485"
"27 Jun 23","4.7265"
"26 Jun 23","4.6144"
"23 Jun 23","4.6035"
"22 Jun 23","4.6257"
"21 Jun 23","4.6385"
"20 Jun 23","4.558"
"19 Jun 23","4.7207"
"16 Jun 23","4.6288"
"15 Jun 23","4.5956"
"14 Jun 23","4.5606"
"13 Jun 23","4.5588"
"12 Jun 23","4.4147"
"09 Jun 23","4.3141"
"08 Jun 23","4.3206"
"07 Jun 23","4.3602"
"06 Jun 23","4.2866"
"05 Jun 23","4.2656"
"02 Jun 23","4.1866"
"01 Jun 23","4.1508"
"31 May 23","4.1915"
"30 May 23","4.2688"
"26 May 23","4.3806"
"25 May 23","4.397"
"24 May 23","4.2065"
"23 May 23","4.0861"
"22 May 23","3.9678"
"19 May 23","3.907"
"18 May 23","3.863"
"17 May 23","3.7333"
"16 May 23","3.7047"
"15 May 23","3.711"
"12 May 23","3.6728"
"11 May 23","3.6219"
"10 May 23","3.7072"
"09 May 23","3.7361"
"05 May 23","3.6677"
"04 May 23","3.5891"
"03 May 23","3.6386"
"02 May 23","3.6145"
"28 Apr 23","3.6678"
"27 Apr 23","3.7179"
"26 Apr 23","3.6386"
"25 Apr 23","3.6354"
"24 Apr 23","3.7107"
"21 Apr 23","3.7128"
"20 Apr 23","3.7202"
"19 Apr 23","3.7941"
"18 Apr 23","3.6505"
"17 Apr 23","3.5911"
"14 Apr 23","3.5584"
"13 Apr 23","3.4572"
"12 Apr 23","3.4716"
"11 Apr 23","3.4482"
"06 Apr 23","3.341"
"05 Apr 23","3.3387"
"04 Apr 23","3.3485"
"03 Apr 23","3.3415"
"31 Mar 23","3.4538"
"30 Mar 23","3.437"
"29 Mar 23","3.365"
"28 Mar 23","3.342"
"27 Mar 23","3.2666"
"24 Mar 23","3.1608"
"23 Mar 23","3.2515"
"22 Mar 23","3.4301"
"21 Mar 23","3.2558"
"20 Mar 23","3.2049"
"17 Mar 23","3.1866"
"16 Mar 23","3.305"
"15 Mar 23","3.2793"
"14 Mar 23","3.4632"
"13 Mar 23","3.3287"
"10 Mar 23","3.5546"
"09 Mar 23","3.7558"
"08 Mar 23","3.7162"
"07 Mar 23","3.7636"
"06 Mar 23","3.744"
"03 Mar 23","3.7353"
"02 Mar 23","3.727"
"01 Mar 23","3.7116"
"28 Feb 23","3.718"
"27 Feb 23","3.7114"
"24 Feb 23","3.634"
"23 Feb 23","3.5252"
"22 Feb 23","3.5418"
"21 Feb 23","3.5176"
"20 Feb 23","3.3702"
"17 Feb 23","3.4338"
"16 Feb 23","3.3916"
"15 Feb 23","3.376"
"14 Feb 23","3.414"
"13 Feb 23","3.3475"
"10 Feb 23","3.3105"
"09 Feb 23","3.1909"
"08 Feb 23","3.1599"
"07 Feb 23","3.1962"
"06 Feb 23","3.1141"
"03 Feb 23","2.9187"
"02 Feb 23","2.8648"
"01 Feb 23","3.2087"
"31 Jan 23","3.2127"
"30 Jan 23","3.2297"
"27 Jan 23","3.2248"
"26 Jan 23","3.1645"
"25 Jan 23","3.1626"
"24 Jan 23","3.1723"
"23 Jan 23","3.2572"
"20 Jan 23","3.2501"
"19 Jan 23","3.2697"
"18 Jan 23","3.234"
"17 Jan 23","3.2577"
"16 Jan 23","3.2867"
"13 Jan 23","3.2481"
"12 Jan 23","3.2494"
"11 Jan 23","3.2673"
"10 Jan 23","3.4363"
"09 Jan 23","3.4846"
"06 Jan 23","3.3857"
"05 Jan 23","3.4889"
"04 Jan 23","3.4989"
"03 Jan 23","3.6122"
"30 Dec 22","3.6208"
"29 Dec 22","3.6471"
"28 Dec 22","3.6456"
"23 Dec 22","3.6259"
"22 Dec 22","3.606"
"21 Dec 22","3.5249"
"20 Dec 22","3.5576"
"19 Dec 22","3.4308"
"16 Dec 22","3.3083"
"15 Dec 22","3.2039"
"14 Dec 22","3.2699"
"13 Dec 22","3.2937"
"12 Dec 22","3.2296"
"09 Dec 22","3.2078"
"08 Dec 22","3.1623"
"07 Dec 22","3.1054"
"06 Dec 22","3.1706"
"05 Dec 22","3.2671"
"02 Dec 22","3.2132"
"01 Dec 22","3.1731"
"30 Nov 22","3.2038"
"29 Nov 22","3.1164"
"28 Nov 22","3.1678"
"25 Nov 22","3.1864"
"24 Nov 22","3.092"
"23 Nov 22","3.069"
"22 Nov 22","3.144"
"21 Nov 22","3.186"
"18 Nov 22","3.2079"
"17 Nov 22","3.161"
"16 Nov 22","3.0979"
"15 Nov 22","3.2339"
"14 Nov 22","3.2742"
"11 Nov 22","3.2801"
"10 Nov 22","3.2094"
"09 Nov 22","3.3681"
"08 Nov 22","3.4184"
"07 Nov 22","3.4411"
"04 Nov 22","3.337"
"03 Nov 22","3.32"
"02 Nov 22","3.2929"
"01 Nov 22","3.3863"
"31 Oct 22","3.5365"
"28 Oct 22","3.408"
"27 Oct 22","3.4226"
"26 Oct 22","3.5563"
"25 Oct 22","3.611"
"24 Oct 22","3.6867"
"21 Oct 22","3.9953"
"20 Oct 22","3.77"
"19 Oct 22","3.7317"
"18 Oct 22","3.7603"
"17 Oct 22","3.8223"
"14 Oct 22","4.1771"
"13 Oct 22","4.1597"
"12 Oct 22","4.3848"
"11 Oct 22","4.3965"
"10 Oct 22","4.4934"
"07 Oct 22","4.2457"
"06 Oct 22","4.2391"
"05 Oct 22","4.0902"
"04 Oct 22","3.9863"
"03 Oct 22","4.0925"
"30 Sep 22","4.2678"
"29 Sep 22","4.2868"
"28 Sep 22","4.2139"
"27 Sep 22","4.4819"
"26 Sep 22","4.3428"
"23 Sep 22","3.9385"
"22 Sep 22","3.4889"
"21 Sep 22","3.3036"
"20 Sep 22","3.2386"
"16 Sep 22","3.0887"
"15 Sep 22","3.0475"
"14 Sep 22","3.0269"
"13 Sep 22","3.0399"
"12 Sep 22","2.9381"
"09 Sep 22","2.9963"
"08 Sep 22","2.8972"
"07 Sep 22","2.8972"
"06 Sep 22","2.9639"
"05 Sep 22","2.9217"
"02 Sep 22","2.8467"
"01 Sep 22","2.8815"
"31 Aug 22","2.8261"
"30 Aug 22","2.7091"
"26 Aug 22","2.5519"
"25 Aug 22","2.6353"
"24 Aug 22","2.7048"
"23 Aug 22","2.4685"
"22 Aug 22","2.3889"
"19 Aug 22","2.3026"
"18 Aug 22","2.164"
"17 Aug 22","2.1866"
"16 Aug 22","1.9706"
"15 Aug 22","1.8389"
"12 Aug 22","1.9464"
"11 Aug 22","1.8978"
"10 Aug 22","1.8178"
"09 Aug 22","1.8178"
"08 Aug 22","1.7704"
"05 Aug 22","1.9195"
"04 Aug 22","1.711"
"03 Aug 22","1.7321"
"02 Aug 22","1.6424"
"01 Aug 22","1.6156"
"29 Jul 22","1.645"
"28 Jul 22","1.6433"
"27 Jul 22","1.7717"
"26 Jul 22","1.7198"
"25 Jul 22","1.733"
"22 Jul 22","1.7661"
"21 Jul 22","1.8558"
"20 Jul 22","1.9482"
"19 Jul 22","1.9938"
"18 Jul 22","1.9022"
"15 Jul 22","1.8656"
"14 Jul 22","1.8696"
"13 Jul 22","1.7896"
"12 Jul 22","1.7695"
"11 Jul 22","1.8781"
"08 Jul 22","1.9209"
"07 Jul 22","1.8504"
"06 Jul 22","1.7603"
"05 Jul 22","1.7995"
"04 Jul 22","1.889"
"01 Jul 22","1.7355"
"30 Jun 22","1.9543"
"29 Jun 22","2.0935"
"28 Jun 22","2.1817"
"27 Jun 22","2.0754"
"24 Jun 22","1.9976"
"23 Jun 22","1.9847"
"22 Jun 22","2.1896"
"21 Jun 22","2.3713"
"20 Jun 22","2.3502"
"17 Jun 22","2.2547"
"16 Jun 22","2.2216"
"15 Jun 22","2.0997"
"14 Jun 22","2.2518"
"13 Jun 22","2.2438"
"10 Jun 22","2.1649"
"09 Jun 22","2.0073"
"08 Jun 22","1.9146"
"07 Jun 22","1.9057"
"06 Jun 22","1.9372"
"01 Jun 22","1.8093"
"31 May 22","1.7627"
"30 May 22","1.6792"
"27 May 22","1.6144"
"26 May 22","1.668"
"25 May 22","1.6199"
"24 May 22","1.601"
"23 May 22","1.7232"
"20 May 22","1.6464"
"19 May 22","1.629"
"18 May 22","1.6111"
"17 May 22","1.6157"
"16 May 22","1.4099"
"13 May 22","1.4103"
"12 May 22","1.3688"
"11 May 22","1.519"
"10 May 22","1.518"
"09 May 22","1.6117"
"06 May 22","1.7107"
"05 May 22","1.6976"
"04 May 22","1.7673"
"03 May 22","1.7488"
"29 Apr 22","1.7111"
"28 Apr 22","1.6612"
"27 Apr 22","1.6144"
"26 Apr 22","1.6017"
"25 Apr 22","1.6633"
"22 Apr 22","1.7558"
"21 Apr 22","1.8198"
"20 Apr 22","1.694"
"19 Apr 22","1.7299"
"14 Apr 22","1.6456"
"13 Apr 22","1.5904"
"12 Apr 22","1.6026"
"11 Apr 22","1.65"
"08 Apr 22","1.5446"
"07 Apr 22","1.5508"
"06 Apr 22","1.5583"
"05 Apr 22","1.5009"
"04 Apr 22","1.4171"
"01 Apr 22","1.4249"
"31 Mar 22","1.422"
"30 Mar 22","1.4328"
"29 Mar 22","1.429"
"28 Mar 22","1.4196"
"25 Mar 22","1.463"
"24 Mar 22","1.3956"
"23 Mar 22","1.4354"
"22 Mar 22","1.4664"
"21 Mar 22","1.3594"
"18 Mar 22","1.2353"
"17 Mar 22","1.3505"
"16 Mar 22","1.3996"
"15 Mar 22","1.3615"
"14 Mar 22","1.4171"
"11 Mar 22","1.3401"
"10 Mar 22","1.3456"
"09 Mar 22","1.3421"
"08 Mar 22","1.263"
"07 Mar 22","1.1145"
"04 Mar 22","1.0091"
"03 Mar 22","1.1404"
"02 Mar 22","1.0723"
"01 Mar 22","0.8821"
"28 Feb 22","1.1505"
"25 Feb 22","1.2115"
"24 Feb 22","1.2518"
"23 Feb 22","1.2839"
"22 Feb 22","1.2971"
"21 Feb 22","1.2365"
"18 Feb 22","1.2436"
"17 Feb 22","1.2903"
"16 Feb 22","1.3633"
"15 Feb 22","1.4639"
"14 Feb 22","1.4264"
"11 Feb 22","1.3799"
"10 Feb 22","1.3595"
"09 Feb 22","1.2592"
"08 Feb 22","1.3309"
"07 Feb 22","1.2691"
"04 Feb 22","1.2493"
"03 Feb 22","1.2064"
"02 Feb 22","1.0807"
"01 Feb 22","1.1243"
"31 Jan 22","1.1161"
"28 Jan 22","1.0454"
"27 Jan 22","1.0409"
"26 Jan 22","1.0046"
"25 Jan 22","0.9631"
"24 Jan 22","0.9415"
"21 Jan 22","0.9705"
"20 Jan 22","1.0092"
"19 Jan 22","1.0465"
"18 Jan 22","0.9942"
"17 Jan 22","0.9573"
"14 Jan 22","0.9224"
"13 Jan 22","0.9038"
"12 Jan 22","0.944"
"11 Jan 22","0.9635"
"10 Jan 22","0.9694"
"07 Jan 22","0.9437"
"06 Jan 22","0.925"
"05 Jan 22","0.8639"
"04 Jan 22","0.8617"
"31 Dec 21","0.7725"
"30 Dec 21","0.7547"
"29 Dec 21","0.7818"
"24 Dec 21","0.7115"
"23 Dec 21","0.7192"
"22 Dec 21","0.6874"
"21 Dec 21","0.6737"
"20 Dec 21","0.5783"
"17 Dec 21","0.5739"
"16 Dec 21","0.552"
"15 Dec 21","0.5196"
"14 Dec 21","0.5001"
"13 Dec 21","0.4743"
"10 Dec 21","0.4865"
"09 Dec 21","0.5087"
"08 Dec 21","0.5266"
"07 Dec 21","0.5204"
"06 Dec 21","0.5295"
"03 Dec 21","0.5598"
"02 Dec 21","0.5894"
"01 Dec 21","0.6239"
"30 Nov 21","0.5894"
"29 Nov 21","0.5865"
"26 Nov 21","0.5515"
"25 Nov 21","0.7028"
"24 Nov 21","0.7348"
"23 Nov 21","0.7068"
"22 Nov 21","0.6531"
"19 Nov 21","0.6092"
"18 Nov 21","0.6542"
"17 Nov 21","0.6961"
"16 Nov 21","0.701"
"15 Nov 21","0.6752"
"12 Nov 21","0.6456"
"11 Nov 21","0.6667"
"10 Nov 21","0.6785"
"09 Nov 21","0.5639"
"08 Nov 21","0.5494"
"05 Nov 21","0.538"
"04 Nov 21","0.6328"
"03 Nov 21","0.8042"
"02 Nov 21","0.7656"
"01 Nov 21","0.82"
"29 Oct 21","0.8074"
"28 Oct 21","0.7232"
"27 Oct 21","0.684"
"26 Oct 21","0.781"
"25 Oct 21","0.8047"
"22 Oct 21","0.8366"
"21 Oct 21","0.8651"
"20 Oct 21","0.825"
"19 Oct 21","0.8447"
"18 Oct 21","0.8254"
"15 Oct 21","0.7438"
"14 Oct 21","0.6937"
"13 Oct 21","0.7212"
"12 Oct 21","0.7691"
"11 Oct 21","0.7958"
"08 Oct 21","0.764"
"07 Oct 21","0.6928"
"06 Oct 21","0.6868"
"05 Oct 21","0.6783"
"04 Oct 21","0.5998"
"01 Oct 21","0.6221"
"30 Sep 21","0.6282"
"29 Sep 21","0.5907"
"28 Sep 21","0.6003"
"27 Sep 21","0.5727"
"24 Sep 21","0.5628"
"23 Sep 21","0.5474"
"22 Sep 21","0.4381"
"21 Sep 21","0.4346"
"20 Sep 21","0.4325"
"17 Sep 21","0.4764"
"16 Sep 21","0.4447"
"15 Sep 21","0.4036"
"14 Sep 21","0.3804"
"13 Sep 21","0.3777"
"10 Sep 21","0.3706"
"09 Sep 21","0.3684"
"08 Sep 21","0.3435"
"07 Sep 21","0.3437"
"06 Sep 21","0.3119"
"03 Sep 21","0.3281"
"02 Sep 21","0.3144"
"01 Sep 21","0.3272"
"31 Aug 21","0.3487"
"27 Aug 21","0.3196"
"26 Aug 21","0.3297"
"25 Aug 21","0.3331"
"24 Aug 21","0.2947"
"23 Aug 21","0.2869"
"20 Aug 21","0.2686"
"19 Aug 21","0.292"
"18 Aug 21","0.3171"
"17 Aug 21","0.3216"
"16 Aug 21","0.3205"
"13 Aug 21","0.3253"
"12 Aug 21","0.3372"
"11 Aug 21","0.3158"
"10 Aug 21","0.3261"
"09 Aug 21","0.3114"
"06 Aug 21","0.3356"
"05 Aug 21","0.2568"
"04 Aug 21","0.2615"
"03 Aug 21","0.2435"
"02 Aug 21","0.2614"
"30 Jul 21","0.2835"
"29 Jul 21","0.2912"
"28 Jul 21","0.2976"
"27 Jul 21","0.2964"
"26 Jul 21","0.2982"
"23 Jul 21","0.3037"
"22 Jul 21","0.2862"
"21 Jul 21","0.318"
"20 Jul 21","0.2825"
"19 Jul 21","0.2767"
"16 Jul 21","0.3456"
"15 Jul 21","0.3819"
"14 Jul 21","0.318"
"13 Jul 21","0.303"
"12 Jul 21","0.312"
"09 Jul 21","0.32"
"08 Jul 21","0.2688"
"07 Jul 21","0.2674"
"06 Jul 21","0.2856"
"05 Jul 21","0.3378"
"02 Jul 21","0.3404"
"01 Jul 21","0.3569"
"30 Jun 21","0.3658"
"29 Jun 21","0.3658"
"28 Jun 21","0.3725"
"25 Jun 21","0.3957"
"24 Jun 21","0.3734"
"23 Jun 21","0.4082"
"22 Jun 21","0.4126"
"21 Jun 21","0.4047"
"18 Jun 21","0.4039"
"17 Jun 21","0.4114"
"16 Jun 21","0.3537"
"15 Jun 21","0.3582"
"14 Jun 21","0.3344"
"11 Jun 21","0.3165"
"10 Jun 21","0.3521"
"09 Jun 21","0.3329"
"08 Jun 21","0.3569"
"07 Jun 21","0.3782"
"04 Jun 21","0.3612"
"03 Jun 21","0.3866"
"02 Jun 21","0.3612"
"01 Jun 21","0.3856"
"28 May 21","0.358"
"27 May 21","0.3685"
"26 May 21","0.3187"
"25 May 21","0.3386"
"24 May 21","0.3549"
"21 May 21","0.3748"
"20 May 21","0.3803"
"19 May 21","0.3831"
"18 May 21","0.3992"
"17 May 21","0.403"
"14 May 21","0.4055"
"13 May 21","0.4298"
"12 May 21","0.4207"
"11 May 21","0.3677"
"10 May 21","0.3267"
"07 May 21","0.3087"
"06 May 21","0.3314"
"05 May 21","0.3662"
"04 May 21","0.3534"
"30 Apr 21","0.3963"
"29 Apr 21","0.3938"
"28 Apr 21","0.3622"
"27 Apr 21","0.3475"
"26 Apr 21","0.3338"
"23 Apr 21","0.3217"
"22 Apr 21","0.314"
"21 Apr 21","0.3239"
"20 Apr 21","0.3199"
"19 Apr 21","0.331"
"16 Apr 21","0.3366"
"15 Apr 21","0.3133"
"14 Apr 21","0.3696"
"13 Apr 21","0.3555"
"12 Apr 21","0.3591"
"09 Apr 21","0.3593"
"08 Apr 21","0.3419"
"07 Apr 21","0.3632"
"06 Apr 21","0.3665"
"01 Apr 21","0.3633"
"31 Mar 21","0.3888"
"30 Mar 21","0.3778"
"29 Mar 21","0.3413"
"26 Mar 21","0.3213"
"25 Mar 21","0.3079"
"24 Mar 21","0.3211"
"23 Mar 21","0.3211"
"22 Mar 21","0.3627"
"19 Mar 21","0.3813"
"18 Mar 21","0.4076"
"17 Mar 21","0.3943"
"16 Mar 21","0.3593"
"15 Mar 21","0.359"
"12 Mar 21","0.3768"
"11 Mar 21","0.3283"
"10 Mar 21","0.3129"
"09 Mar 21","0.3243"
"08 Mar 21","0.3419"
"05 Mar 21","0.3619"
"04 Mar 21","0.3221"
"03 Mar 21","0.3417"
"02 Mar 21","0.2951"
"01 Mar 21","0.344"
"26 Feb 21","0.393"
"25 Feb 21","0.3483"
"24 Feb 21","0.2863"
"23 Feb 21","0.2681"
"22 Feb 21","0.2633"
"19 Feb 21","0.2703"
"18 Feb 21","0.2132"
"17 Feb 21","0.174"
"16 Feb 21","0.2034"
"15 Feb 21","0.1639"
"12 Feb 21","0.1537"
"11 Feb 21","0.1208"
"10 Feb 21","0.1369"
"09 Feb 21","0.1257"
"08 Feb 21","0.1426"
"05 Feb 21","0.1488"
"04 Feb 21","0.112"
"03 Feb 21","0.0612"
"02 Feb 21","0.0428"
"01 Feb 21","0.0196"
"29 Jan 21","0.0187"
"28 Jan 21","0.0012"
"27 Jan 21","-0.0224"
"26 Jan 21","-0.0139"
"25 Jan 21","-0.0275"
"22 Jan 21","0.0157"
"21 Jan 21","0.026"
"20 Jan 21","0.0015"
"19 Jan 21","0.0054"
"18 Jan 21","-0.0053"
"15 Jan 21","-0.0058"
"14 Jan 21","0.0166"
"13 Jan 21","0.0278"
"12 Jan 21","0.0624"
"11 Jan 21","0.0283"
"08 Jan 21","0.0086"
"07 Jan 21","-0.0058"
"06 Jan 21","-0.0448"
"05 Jan 21","-0.0655"
"04 Jan 21","-0.0494"
"31 Dec 20","-0.0503"
"30 Dec 20","-0.0423"
"29 Dec 20","-0.0442"
"24 Dec 20","-0.0199"
"23 Dec 20","0.0163"
"22 Dec 20","-0.0763"
"21 Dec 20","-0.0674"
"18 Dec 20","-0.0239"
"17 Dec 20","-0.004"
"16 Dec 20","0.0134"
"15 Dec 20","-0.0255"
"14 Dec 20","-0.0365"
"11 Dec 20","-0.0842"
"10 Dec 20","-0.0619"
"09 Dec 20","-0.0182"
"08 Dec 20","-0.0069"
"07 Dec 20","0.0036"
"04 Dec 20","0.0556"
"03 Dec 20","0.0506"
"02 Dec 20","0.0589"
"01 Dec 20","0.0715"
"30 Nov 20","0.0368"
"27 Nov 20","0.0309"
"26 Nov 20","0.0235"
"25 Nov 20","0.0303"
"24 Nov 20","0.043"
"23 Nov 20","0.0354"
"20 Nov 20","0.0289"
"19 Nov 20","0.035"
"18 Nov 20","0.0508"
"17 Nov 20","0.036"
"16 Nov 20","0.0472"
"13 Nov 20","0.0362"
"12 Nov 20","0.0289"
"11 Nov 20","0.0851"
"10 Nov 20","0.0665"
"09 Nov 20","0.0582"
"06 Nov 20","-0.0092"
"05 Nov 20","-0.0339"
"04 Nov 20","-0.0502"
"03 Nov 20","-0.0147"
"02 Nov 20","-0.0596"
"30 Oct 20","-0.0467"
"29 Oct 20","-0.0658"
"28 Oct 20","-0.0602"
"27 Oct 20","-0.0298"
"26 Oct 20","0.0068"
"23 Oct 20","-0.0111"
"22 Oct 20","-0.0034"
"21 Oct 20","-0.0459"
"20 Oct 20","-0.068"
"19 Oct 20","-0.0794"
"16 Oct 20","-0.0739"
"15 Oct 20","-0.0777"
"14 Oct 20","-0.0443"
"13 Oct 20","-0.0618"
"12 Oct 20","-0.012"
"09 Oct 20","-0.0298"
"08 Oct 20","-0.0013"
"07 Oct 20","0.0087"
"06 Oct 20","-0.0118"
"05 Oct 20","-0.0191"
"02 Oct 20","-0.0401"
"01 Oct 20","-0.0635"
"30 Sep 20","-0.0503"
"29 Sep 20","-0.0766"
"28 Sep 20","-0.0668"
"25 Sep 20","-0.0814"
"24 Sep 20","-0.0724"
"23 Sep 20","-0.0431"
"22 Sep 20","-0.0642"
"21 Sep 20","-0.13"
"18 Sep 20","-0.1142"
"17 Sep 20","-0.1065"
"16 Sep 20","-0.0316"
"15 Sep 20","-0.0604"
"14 Sep 20","-0.0774"
"11 Sep 20","-0.1363"
"10 Sep 20","-0.0715"
"09 Sep 20","-0.0569"
"08 Sep 20","-0.1199"
"07 Sep 20","-0.0507"
"04 Sep 20","-0.0644"
"03 Sep 20","-0.0528"
"02 Sep 20","-0.0637"
"01 Sep 20","-0.028"
"28 Aug 20","-0.0211"
"27 Aug 20","0.0371"
"26 Aug 20","0.0152"
"25 Aug 20","0.0044"
"24 Aug 20","-0.0345"
"21 Aug 20","-0.054"
"20 Aug 20","-0.0242"
"19 Aug 20","-0.0216"
"18 Aug 20","-0.0357"
"17 Aug 20","-0.0446"
"14 Aug 20","-0.0198"
"13 Aug 20","-0.0152"
"12 Aug 20","-0.0048"
"11 Aug 20","-0.0252"
"10 Aug 20","-0.0577"
"07 Aug 20","-0.0594"
"06 Aug 20","-0.0874"
"05 Aug 20","-0.1044"
"04 Aug 20","-0.1349"
"03 Aug 20","-0.1263"
"31 Jul 20","-0.1426"
"30 Jul 20","-0.1388"
"29 Jul 20","-0.1153"
"28 Jul 20","-0.0818"
"27 Jul 20","-0.137"
"24 Jul 20","-0.1063"
"23 Jul 20","-0.1269"
"22 Jul 20","-0.1063"
"21 Jul 20","-0.0885"
"20 Jul 20","-0.0934"
"17 Jul 20","-0.0784"
"16 Jul 20","-0.0944"
"15 Jul 20","-0.0437"
"14 Jul 20","-0.102"
"13 Jul 20","-0.0547"
"10 Jul 20","-0.0791"
"09 Jul 20","-0.0551"
"08 Jul 20","-0.029"
"07 Jul 20","-0.0475"
"06 Jul 20","-0.0524"
"03 Jul 20","-0.0631"
"02 Jul 20","-0.07"
"01 Jul 20","-0.0376"
"30 Jun 20","-0.0702"
"29 Jun 20","-0.0407"
"26 Jun 20","-0.0245"
"25 Jun 20","-0.0267"
"24 Jun 20","-0.0432"
"23 Jun 20","0.0049"
"22 Jun 20","-0.0534"
"19 Jun 20","-0.0116"
"18 Jun 20","0.0053"
"17 Jun 20","-0.006"
"16 Jun 20","-0.0104"
"15 Jun 20","0.0003"
"12 Jun 20","0.0508"
"11 Jun 20","0.0002"
"10 Jun 20","0.0038"
"09 Jun 20","0.0463"
"08 Jun 20","0.0862"
"05 Jun 20","0.0782"
"04 Jun 20","0.0551"
"03 Jun 20","0.0486"
"02 Jun 20","-0.0227"
"01 Jun 20","0.0164"
"29 May 20","-0.02"
"28 May 20","-0.0336"
"27 May 20","-0.019"
"26 May 20","0.0025"
"22 May 20","-0.0368"
"21 May 20","-0.0237"
"20 May 20","0.027"
"19 May 20","0.0511"
"18 May 20","0.038"
"15 May 20","0.0406"
"14 May 20","0.0508"
"13 May 20","0.0243"
"12 May 20","0.0975"
"11 May 20","0.0451"
"07 May 20","0.1059"
"06 May 20","0.0547"
"05 May 20","0.0814"
"04 May 20","0.0814"
"01 May 20","0.1047"
"30 Apr 20","0.1059"
"29 Apr 20","0.1059"
"28 Apr 20","0.107"
"27 Apr 20","0.125"
"24 Apr 20","0.1098"
"23 Apr 20","0.1001"
"22 Apr 20","0.1189"
"21 Apr 20","0.1049"
"20 Apr 20","0.1711"
"17 Apr 20","0.1166"
"16 Apr 20","0.0831"
"15 Apr 20","0.0817"
"14 Apr 20","0.1059"
"09 Apr 20","0.0933"
"08 Apr 20","0.1709"
"07 Apr 20","0.1844"
"06 Apr 20","0.1163"
"03 Apr 20","0.1106"
"02 Apr 20","0.1228"
"01 Apr 20","0.1214"
"31 Mar 20","0.1548"
"30 Mar 20","0.1374"
"27 Mar 20","0.1449"
"26 Mar 20","0.1458"
"25 Mar 20","0.1616"
"24 Mar 20","0.1808"
"23 Mar 20","0.1552"
"20 Mar 20","0.2342"
"19 Mar 20","0.4838"
"18 Mar 20","0.5187"
"17 Mar 20","0.3908"
"16 Mar 20","0.3405"
"13 Mar 20","0.2835"
"12 Mar 20","0.1996"
"11 Mar 20","0.1624"
"10 Mar 20","0.1049"
"09 Mar 20","0.0697"
"06 Mar 20","0.0652"
"05 Mar 20","0.1605"
"04 Mar 20","0.2017"
"03 Mar 20","0.2245"
"02 Mar 20","0.2509"
"28 Feb 20","0.2822"
"27 Feb 20","0.3083"
"26 Feb 20","0.3428"
"25 Feb 20","0.3627"
"24 Feb 20","0.392"
"21 Feb 20","0.4304"
"20 Feb 20","0.4383"
"19 Feb 20","0.452"
"18 Feb 20","0.4458"
"17 Feb 20","0.4879"
"14 Feb 20","0.4688"
"13 Feb 20","0.482"
"12 Feb 20","0.4537"
"11 Feb 20","0.4128"
"10 Feb 20","0.3896"
"07 Feb 20","0.4016"
"06 Feb 20","0.4154"
"05 Feb 20","0.4224"
"04 Feb 20","0.3937"
"03 Feb 20","0.3812"
"31 Jan 20","0.401"
"30 Jan 20","0.401"
"29 Jan 20","0.3671"
"28 Jan 20","0.3769"
"27 Jan 20","0.3336"
"24 Jan 20","0.382"
"23 Jan 20","0.381"
"22 Jan 20","0.4266"
"21 Jan 20","0.4188"
"20 Jan 20","0.4256"
"17 Jan 20","0.3995"
"16 Jan 20","0.4035"
"15 Jan 20","0.4283"
"14 Jan 20","0.4911"
"13 Jan 20","0.5119"
"10 Jan 20","0.5042"
"09 Jan 20","0.5979"
"08 Jan 20","0.6587"
"07 Jan 20","0.5749"
"06 Jan 20","0.546"
"03 Jan 20","0.5349"
"02 Jan 20","0.5519"
"31 Dec 19","0.5496"
"30 Dec 19","0.6113"
"27 Dec 19","0.5518"
"24 Dec 19","0.5506"
"23 Dec 19","0.5447"
"20 Dec 19","0.5577"
"19 Dec 19","0.5903"
"18 Dec 19","0.5446"
"17 Dec 19","0.5196"
"16 Dec 19","0.6285"
"13 Dec 19","0.5709"
"12 Dec 19","0.6122"
"11 Dec 19","0.537"
"10 Dec 19","0.5488"
"09 Dec 19","0.553"
"06 Dec 19","0.5449"
"05 Dec 19","0.5708"
"04 Dec 19","0.5337"
"03 Dec 19","0.477"
"02 Dec 19","0.5337"
"29 Nov 19","0.4961"
"28 Nov 19","0.4635"
"27 Nov 19","0.463"
"26 Nov 19","0.427"
"25 Nov 19","0.4693"
"22 Nov 19","0.5305"
"21 Nov 19","0.5305"
"20 Nov 19","0.5083"
"19 Nov 19","0.5086"
"18 Nov 19","0.514"
"15 Nov 19","0.4699"
"14 Nov 19","0.461"
"13 Nov 19","0.5144"
"12 Nov 19","0.5395"
"11 Nov 19","0.5271"
"08 Nov 19","0.5271"
"07 Nov 19","0.494"
"06 Nov 19","0.497"
"05 Nov 19","0.5079"
"04 Nov 19","0.4574"
"01 Nov 19","0.4433"
"31 Oct 19","0.4053"
"30 Oct 19","0.4475"
"29 Oct 19","0.4786"
"28 Oct 19","0.4825"
"25 Oct 19","0.4205"
"24 Oct 19","0.3921"
"23 Oct 19","0.4496"
"22 Oct 19","0.4616"
"21 Oct 19","0.5089"
"18 Oct 19","0.4656"
"17 Oct 19","0.4431"
"16 Oct 19","0.4441"
"15 Oct 19","0.4662"
"14 Oct 19","0.4124"
"11 Oct 19","0.4882"
"10 Oct 19","0.3198"
"09 Oct 19","0.2329"
"08 Oct 19","0.1817"
"07 Oct 19","0.2197"
"04 Oct 19","0.2128"
"03 Oct 19","0.2489"
"02 Oct 19","0.2621"
"01 Oct 19","0.2285"
"30 Sep 19","0.2593"
"27 Sep 19","0.2696"
"26 Sep 19","0.3313"
"25 Sep 19","0.3374"
"24 Sep 19","0.3462"
"23 Sep 19","0.3566"
"20 Sep 19","0.438"
"19 Sep 19","0.4316"
"18 Sep 19","0.4635"
"17 Sep 19","0.4635"
"16 Sep 19","0.4684"
"13 Sep 19","0.5382"
"12 Sep 19","0.4434"
"11 Sep 19","0.4312"
"10 Sep 19","0.413"
"09 Sep 19","0.3863"
"06 Sep 19","0.3046"
"05 Sep 19","0.3952"
"04 Sep 19","0.3107"
"03 Sep 19","0.2263"
"02 Sep 19","0.2487"
"30 Aug 19","0.2976"
"29 Aug 19","0.2589"
"28 Aug 19","0.2528"
"27 Aug 19","0.2985"
"23 Aug 19","0.363"
"22 Aug 19","0.3922"
"21 Aug 19","0.3467"
"20 Aug 19","0.3477"
"19 Aug 19","0.3682"
"16 Aug 19","0.3649"
"15 Aug 19","0.2993"
"14 Aug 19","0.3079"
"13 Aug 19","0.3239"
"12 Aug 19","0.3118"
"09 Aug 19","0.3189"
"08 Aug 19","0.352"
"07 Aug 19","0.3085"
"06 Aug 19","0.3018"
"05 Aug 19","0.2861"
"02 Aug 19","0.3413"
"01 Aug 19","0.3277"
"31 Jul 19","0.3829"
"30 Jul 19","0.3868"
"29 Jul 19","0.4195"
"26 Jul 19","0.4507"
"25 Jul 19","0.4819"
"24 Jul 19","0.4568"
"23 Jul 19","0.4611"
"22 Jul 19","0.4847"
"19 Jul 19","0.5028"
"18 Jul 19","0.5258"
"17 Jul 19","0.5339"
"16 Jul 19","0.599"
"15 Jul 19","0.5533"
"12 Jul 19","0.615"
"11 Jul 19","0.6194"
"10 Jul 19","0.5302"
"09 Jul 19","0.4967"
"08 Jul 19","0.4818"
"05 Jul 19","0.5368"
"04 Jul 19","0.4678"
"03 Jul 19","0.4736"
"02 Jul 19","0.503"
"01 Jul 19","0.5673"
"28 Jun 19","0.6097"
"27 Jun 19","0.6005"
"26 Jun 19","0.5732"
"25 Jun 19","0.5513"
"24 Jun 19","0.562"
"21 Jun 19","0.5947"
"20 Jun 19","0.5478"
"19 Jun 19","0.6073"
"18 Jun 19","0.5517"
"17 Jun 19","0.5906"
"14 Jun 19","0.5988"
"13 Jun 19","0.5799"
"12 Jun 19","0.5736"
"11 Jun 19","0.5853"
"10 Jun 19","0.5594"
"07 Jun 19","0.5637"
"06 Jun 19","0.5791"
"05 Jun 19","0.5875"
"04 Jun 19","0.6455"
"03 Jun 19","0.5982"
"31 May 19","0.6522"
"30 May 19","0.6436"
"29 May 19","0.6139"
"28 May 19","0.6696"
"24 May 19","0.6569"
"23 May 19","0.6965"
"22 May 19","0.7583"
"21 May 19","0.8139"
"20 May 19","0.7948"
"17 May 19","0.7576"
"16 May 19","0.7814"
"15 May 19","0.7996"
"14 May 19","0.7911"
"13 May 19","0.8147"
"10 May 19","0.8419"
"09 May 19","0.8307"
"08 May 19","0.8416"
"07 May 19","0.8706"
"03 May 19","0.9087"
"02 May 19","0.8667"
"01 May 19","0.8383"
"30 Apr 19","0.8625"
"29 Apr 19","0.8252"
"26 Apr 19","0.8085"
"25 Apr 19","0.8286"
"24 Apr 19","0.8502"
"23 Apr 19","0.8979"
"18 Apr 19","0.8716"
"17 Apr 19","0.911"
"16 Apr 19","0.9027"
"15 Apr 19","0.8991"
"12 Apr 19","0.8939"
"11 Apr 19","0.8414"
"10 Apr 19","0.7916"
"09 Apr 19","0.792"
"08 Apr 19","0.7904"
"05 Apr 19","0.8049"
"04 Apr 19","0.7876"
"03 Apr 19","0.7636"
"02 Apr 19","0.7253"
"01 Apr 19","0.7314"
"29 Mar 19","0.7346"
"28 Mar 19","0.6963"
"27 Mar 19","0.7421"
"26 Mar 19","0.7511"
"25 Mar 19","0.7052"
"22 Mar 19","0.7464"
"21 Mar 19","0.7716"
"20 Mar 19","0.8396"
"19 Mar 19","0.8734"
"18 Mar 19","0.8655"
"15 Mar 19","0.8844"
"14 Mar 19","0.8994"
"13 Mar 19","0.8748"
"12 Mar 19","0.8468"
"11 Mar 19","0.8432"
"08 Mar 19","0.863"
"07 Mar 19","0.8339"
"06 Mar 19","0.8933"
"05 Mar 19","0.9504"
"04 Mar 19","0.9425"
"01 Mar 19","0.9598"
"28 Feb 19","0.9616"
"27 Feb 19","0.9615"
"26 Feb 19","0.8853"
"25 Feb 19","0.8498"
"22 Feb 19","0.871"
"21 Feb 19","0.8728"
"20 Feb 19","0.8792"
"19 Feb 19","0.8387"
"18 Feb 19","0.8301"
"15 Feb 19","0.8213"
"14 Feb 19","0.8004"
"13 Feb 19","0.8419"
"12 Feb 19","0.8394"
"11 Feb 19","0.8236"
"08 Feb 19","0.8004"
"07 Feb 19","0.8403"
"06 Feb 19","0.8745"
"05 Feb 19","0.879"
"04 Feb 19","0.8903"
"01 Feb 19","0.8903"
"31 Jan 19","0.8841"
"30 Jan 19","0.9301"
"29 Jan 19","0.9324"
"28 Jan 19","0.9245"
"25 Jan 19","0.9528"
"24 Jan 19","0.9139"
"23 Jan 19","0.9661"
"22 Jan 19","0.9518"
"21 Jan 19","0.9652"
"18 Jan 19","0.9824"
"17 Jan 19","0.9663"
"16 Jan 19","0.9279"
"15 Jan 19","0.9279"
"14 Jan 19","0.9423"
"11 Jan 19","0.9318"
"10 Jan 19","0.9092"
"09 Jan 19","0.889"
"08 Jan 19","0.8844"
"07 Jan 19","0.8773"
"04 Jan 19","0.9064"
"03 Jan 19","0.8141"
"02 Jan 19","0.8375"
"31 Dec 18","0.9011"
"28 Dec 18","0.8949"
"27 Dec 18","0.9099"
"24 Dec 18","0.8798"
"21 Dec 18","0.9266"
"20 Dec 18","0.8748"
"19 Dec 18","0.8916"
"18 Dec 18","0.9163"
"17 Dec 18","0.8843"
"14 Dec 18","0.852"
"13 Dec 18","0.8957"
"12 Dec 18","0.8854"
"11 Dec 18","0.8103"
"10 Dec 18","0.788"
"07 Dec 18","0.8679"
"06 Dec 18","0.84"
"05 Dec 18","0.91"
"04 Dec 18","0.88"
"03 Dec 18","0.89"
"30 Nov 18","0.93"
"29 Nov 18","0.9147"
"28 Nov 18","0.9379"
"27 Nov 18","0.9558"
"26 Nov 18","0.9722"
"23 Nov 18","0.9471"
"22 Nov 18","0.9701"
"21 Nov 18","0.9409"
"20 Nov 18","0.9243"
"19 Nov 18","0.9121"
"16 Nov 18","0.9501"
"15 Nov 18","0.9127"
"14 Nov 18","1.049"
"13 Nov 18","1.0608"
"12 Nov 18","1.0008"
"09 Nov 18","1.0644"
"08 Nov 18","1.1252"
"07 Nov 18","1.0914"
"06 Nov 18","1.0882"
"05 Nov 18","1.0643"
"02 Nov 18","1.0571"
"01 Nov 18","1.0176"
"31 Oct 18","0.9974"
"30 Oct 18","0.9608"
"29 Oct 18","0.9482"
"26 Oct 18","0.9305"
"25 Oct 18","0.9923"
"24 Oct 18","1.0053"
"23 Oct 18","1.0363"
"22 Oct 18","1.0602"
"19 Oct 18","1.1016"
"18 Oct 18","1.0935"
"17 Oct 18","1.105"
"16 Oct 18","1.1449"
"15 Oct 18","1.1382"
"12 Oct 18","1.1715"
"11 Oct 18","1.2165"
"10 Oct 18","1.2581"
"09 Oct 18","1.2289"
"08 Oct 18","1.2301"
"05 Oct 18","1.2539"
"04 Oct 18","1.2086"
"03 Oct 18","1.1196"
"02 Oct 18","1.0979"
"01 Oct 18","1.1355"
"28 Sep 18","1.1377"
"27 Sep 18","1.152"
"26 Sep 18","1.1453"
"25 Sep 18","1.1738"
"24 Sep 18","1.1559"
"21 Sep 18","1.1171"
"20 Sep 18","1.153"
"19 Sep 18","1.1625"
"18 Sep 18","1.1184"
"17 Sep 18","1.1052"
"14 Sep 18","1.0962"
"13 Sep 18","1.0735"
"12 Sep 18","1.0561"
"11 Sep 18","1.0692"
"10 Sep 18","1.0259"
"07 Sep 18","1.0143"
"06 Sep 18","0.985"
"05 Sep 18","1.0283"
"04 Sep 18","0.9944"
"03 Sep 18","0.9844"
"31 Aug 18","1.0023"
"30 Aug 18","1.0241"
"29 Aug 18","1.0476"
"28 Aug 18","1.0002"
"24 Aug 18","0.975"
"23 Aug 18","0.9761"
"22 Aug 18","0.9746"
"21 Aug 18","0.9689"
"20 Aug 18","0.9325"
"17 Aug 18","0.9397"
"16 Aug 18","0.9364"
"15 Aug 18","0.9277"
"14 Aug 18","0.9655"
"13 Aug 18","0.9638"
"10 Aug 18","0.9455"
"09 Aug 18","0.9936"
"08 Aug 18","1.002"
"07 Aug 18","1.0068"
"06 Aug 18","0.9854"
"03 Aug 18","1.0129"
"02 Aug 18","1.0633"
"01 Aug 18","1.0691"
"31 Jul 18","1.0186"
"30 Jul 18","1.0389"
"27 Jul 18","0.9882"
"26 Jul 18","0.9852"
"25 Jul 18","0.9746"
"24 Jul 18","0.9701"
"23 Jul 18","0.9711"
"20 Jul 18","0.942"
"19 Jul 18","0.9097"
"18 Jul 18","0.9383"
"17 Jul 18","0.9732"
"16 Jul 18","0.9964"
"13 Jul 18","0.9758"
"12 Jul 18","0.9765"
"11 Jul 18","1.0012"
"10 Jul 18","1.0032"
"09 Jul 18","0.9773"
"06 Jul 18","0.9701"
"05 Jul 18","0.9534"
"04 Jul 18","0.9622"
"03 Jul 18","0.927"
"02 Jul 18","0.942"
"29 Jun 18","0.9642"
"28 Jun 18","0.9397"
"27 Jun 18","0.9407"
"26 Jun 18","0.9787"
"25 Jun 18","0.9829"
"22 Jun 18","1.0021"
"21 Jun 18","0.965"
"20 Jun 18","0.9629"
"19 Jun 18","0.9542"
"18 Jun 18","0.9874"
"15 Jun 18","0.9819"
"14 Jun 18","0.9944"
"13 Jun 18","1.0144"
"12 Jun 18","1.0392"
"11 Jun 18","1.0461"
"08 Jun 18","1.041"
"07 Jun 18","1.0483"
"06 Jun 18","1.0279"
"05 Jun 18","0.9453"
"04 Jun 18","0.944"
"01 Jun 18","0.9169"
"31 May 18","0.8716"
"30 May 18","0.8753"
"29 May 18","0.8869"
"25 May 18","0.9756"
"24 May 18","1.0312"
"23 May 18","1.0591"
"22 May 18","1.1388"
"21 May 18","1.1082"
"18 May 18","1.1202"
"17 May 18","1.1742"
"16 May 18","1.12"
"15 May 18","1.1362"
"14 May 18","1.102"
"11 May 18","1.0726"
"10 May 18","1.0511"
"09 May 18","1.1024"
"08 May 18","1.0752"
"04 May 18","1.036"
"03 May 18","1.0211"
"02 May 18","1.0845"
"01 May 18","1.0344"
"30 Apr 18","1.0427"
"27 Apr 18","1.0733"
"26 Apr 18","1.146"
"25 Apr 18","1.1624"
"24 Apr 18","1.1472"
"23 Apr 18","1.1179"
"20 Apr 18","1.1102"
"19 Apr 18","1.1515"
"18 Apr 18","1.0815"
"17 Apr 18","1.1232"
"16 Apr 18","1.1476"
"13 Apr 18","1.1251"
"12 Apr 18","1.1298"
"11 Apr 18","1.0852"
"10 Apr 18","1.102"
"09 Apr 18","1.0915"
"06 Apr 18","1.0796"
"05 Apr 18","1.0919"
"04 Apr 18","1.0527"
"03 Apr 18","1.0448"
"29 Mar 18","1.0352"
"28 Mar 18","1.051"
"27 Mar 18","1.114"
"26 Mar 18","1.1373"
"23 Mar 18","1.1365"
"22 Mar 18","1.1107"
"21 Mar 18","1.1964"
"20 Mar 18","1.1393"
"19 Mar 18","1.0837"
"16 Mar 18","1.0677"
"15 Mar 18","1.0593"
"14 Mar 18","1.0479"
"13 Mar 18","1.1014"
"12 Mar 18","1.1019"
"09 Mar 18","1.1004"
"08 Mar 18","1.079"
"07 Mar 18","1.0872"
"06 Mar 18","1.1"
"05 Mar 18","1.0747"
"02 Mar 18","1.0461"
"01 Mar 18","1.0519"
"28 Feb 18","1.0857"
"27 Feb 18","1.1277"
"26 Feb 18","1.0886"
"23 Feb 18","1.094"
"22 Feb 18","1.1013"
"21 Feb 18","1.1022"
"20 Feb 18","1.1093"
"19 Feb 18","1.1289"
"16 Feb 18","1.116"
"15 Feb 18","1.1761"
"14 Feb 18","1.1654"
"13 Feb 18","1.1603"
"12 Feb 18","1.1381"
"09 Feb 18","1.1339"
"08 Feb 18","1.1592"
"07 Feb 18","1.0577"
"06 Feb 18","1.0336"
"05 Feb 18","1.0946"
"02 Feb 18","1.1067"
"01 Feb 18","1.0748"
"31 Jan 18","1.0449"
"30 Jan 18","1.0186"
"29 Jan 18","1.0276"
"26 Jan 18","1.0067"
"25 Jan 18","0.9713"
"24 Jan 18","0.9639"
"23 Jan 18","0.9135"
"22 Jan 18","0.9086"
"19 Jan 18","0.898"
"18 Jan 18","0.9081"
"17 Jan 18","0.8685"
"16 Jan 18","0.8755"
"15 Jan 18","0.8906"
"12 Jan 18","0.8956"
"11 Jan 18","0.8592"
"10 Jan 18","0.8284"
"09 Jan 18","0.82"
"08 Jan 18","0.7795"
"05 Jan 18","0.7818"
"04 Jan 18","0.7802"
"03 Jan 18","0.7586"
"02 Jan 18","0.8105"
"29 Dec 17","0.734"
"28 Dec 17","0.74"
"27 Dec 17","0.7177"
"22 Dec 17","0.7644"
"21 Dec 17","0.7847"
"20 Dec 17","0.7874"
"19 Dec 17","0.751"
"18 Dec 17","0.7115"
"15 Dec 17","0.7175"
"14 Dec 17","0.7206"
"13 Dec 17","0.7522"
"12 Dec 17","0.7431"
"11 Dec 17","0.7228"
"08 Dec 17","0.7859"
"07 Dec 17","0.7682"
"06 Dec 17","0.7506"
"05 Dec 17","0.7829"
"04 Dec 17","0.7961"
"01 Dec 17","0.7349"
"30 Nov 17","0.8238"
"29 Nov 17","0.8461"
"28 Nov 17","0.7593"
"27 Nov 17","0.7595"
"24 Nov 17","0.7493"
"23 Nov 17","0.7464"
"22 Nov 17","0.7727"
"21 Nov 17","0.7761"
"20 Nov 17","0.7757"
"17 Nov 17","0.7878"
"16 Nov 17","0.7808"
"15 Nov 17","0.7615"
"14 Nov 17","0.7754"
"13 Nov 17","0.7953"
"10 Nov 17","0.8"
"09 Nov 17","0.7394"
"08 Nov 17","0.6958"
"07 Nov 17","0.7112"
"06 Nov 17","0.722"
"03 Nov 17","0.7263"
"02 Nov 17","0.7117"
"01 Nov 17","0.8187"
"31 Oct 17","0.7894"
"30 Oct 17","0.7808"
"27 Oct 17","0.8058"
"26 Oct 17","0.8439"
"25 Oct 17","0.8582"
"24 Oct 17","0.7982"
"23 Oct 17","0.7583"
"20 Oct 17","0.7713"
"19 Oct 17","0.7271"
"18 Oct 17","0.7611"
"17 Oct 17","0.7308"
"16 Oct 17","0.7844"
"13 Oct 17","0.8049"
"12 Oct 17","0.8023"
"11 Oct 17","0.7915"
"10 Oct 17","0.7743"
"09 Oct 17","0.7578"
"06 Oct 17","0.765"
"05 Oct 17","0.7928"
"04 Oct 17","0.7827"
"03 Oct 17","0.7789"
"02 Oct 17","0.7555"
"29 Sep 17","0.7836"
"28 Sep 17","0.8005"
"27 Sep 17","0.8012"
"26 Sep 17","0.7638"
"25 Sep 17","0.7524"
"22 Sep 17","0.7746"
"21 Sep 17","0.7762"
"20 Sep 17","0.7441"
"19 Sep 17","0.7379"
"18 Sep 17","0.7208"
"15 Sep 17","0.7402"
"14 Sep 17","0.6412"
"13 Sep 17","0.5542"
"12 Sep 17","0.5533"
"11 Sep 17","0.4583"
"08 Sep 17","0.4045"
"07 Sep 17","0.3642"
"06 Sep 17","0.393"
"05 Sep 17","0.4063"
"04 Sep 17","0.4288"
"01 Sep 17","0.4331"
"31 Aug 17","0.4129"
"30 Aug 17","0.4169"
"29 Aug 17","0.3926"
"25 Aug 17","0.4297"
"24 Aug 17","0.4395"
"23 Aug 17","0.4379"
"22 Aug 17","0.4619"
"21 Aug 17","0.4564"
"18 Aug 17","0.4603"
"17 Aug 17","0.471"
"16 Aug 17","0.4778"
"15 Aug 17","0.4578"
"14 Aug 17","0.4494"
"11 Aug 17","0.4356"
"10 Aug 17","0.4467"
"09 Aug 17","0.454"
"08 Aug 17","0.49"
"07 Aug 17","0.478"
"04 Aug 17","0.5053"
"03 Aug 17","0.4903"
"02 Aug 17","0.5572"
"01 Aug 17","0.5293"
"31 Jul 17","0.5456"
"28 Jul 17","0.5301"
"27 Jul 17","0.5096"
"26 Jul 17","0.5445"
"25 Jul 17","0.5758"
"24 Jul 17","0.5279"
"21 Jul 17","0.5214"
"20 Jul 17","0.5532"
"19 Jul 17","0.5315"
"18 Jul 17","0.5556"
"17 Jul 17","0.6099"
"14 Jul 17","0.6415"
"13 Jul 17","0.6309"
"12 Jul 17","0.6081"
"11 Jul 17","0.615"
"10 Jul 17","0.6003"
"07 Jul 17","0.6307"
"06 Jul 17","0.6565"
"05 Jul 17","0.5917"
"04 Jul 17","0.6123"
"03 Jul 17","0.6372"
"30 Jun 17","0.6268"
"29 Jun 17","0.6181"
"28 Jun 17","0.537"
"27 Jun 17","0.4756"
"26 Jun 17","0.4354"
"23 Jun 17","0.4384"
"22 Jun 17","0.416"
"21 Jun 17","0.4106"
"20 Jun 17","0.3746"
"19 Jun 17","0.406"
"16 Jun 17","0.3916"
"15 Jun 17","0.4101"
"14 Jun 17","0.2984"
"13 Jun 17","0.3803"
"12 Jun 17","0.3301"
"09 Jun 17","0.3603"
"08 Jun 17","0.3892"
"07 Jun 17","0.363"
"06 Jun 17","0.3625"
"05 Jun 17","0.4035"
"02 Jun 17","0.4024"
"01 Jun 17","0.4122"
"31 May 17","0.3815"
"30 May 17","0.3525"
"26 May 17","0.3652"
"25 May 17","0.389"
"24 May 17","0.4032"
"23 May 17","0.4037"
"22 May 17","0.4084"
"19 May 17","0.4166"
"18 May 17","0.4"
"17 May 17","0.4028"
"16 May 17","0.4319"
"15 May 17","0.432"
"12 May 17","0.4102"
"11 May 17","0.4615"
"10 May 17","0.4773"
"09 May 17","0.5004"
"08 May 17","0.4615"
"05 May 17","0.4462"
"04 May 17","0.4313"
"03 May 17","0.4002"
"02 May 17","0.41"
"28 Apr 17","0.3971"
"27 Apr 17","0.3863"
"26 Apr 17","0.412"
"25 Apr 17","0.4171"
"24 Apr 17","0.4053"
"21 Apr 17","0.3868"
"20 Apr 17","0.4194"
"19 Apr 17","0.4234"
"18 Apr 17","0.3913"
"13 Apr 17","0.3931"
"12 Apr 17","0.3889"
"11 Apr 17","0.386"
"10 Apr 17","0.4179"
"07 Apr 17","0.4193"
"06 Apr 17","0.4378"
"05 Apr 17","0.429"
"04 Apr 17","0.407"
"03 Apr 17","0.4009"
"31 Mar 17","0.4392"
"30 Mar 17","0.4402"
"29 Mar 17","0.4838"
"28 Mar 17","0.5149"
"27 Mar 17","0.5055"
"24 Mar 17","0.5116"
"23 Mar 17","0.5076"
"22 Mar 17","0.4545"
"21 Mar 17","0.5063"
"20 Mar 17","0.46"
"17 Mar 17","0.4597"
"16 Mar 17","0.4645"
"15 Mar 17","0.432"
"14 Mar 17","0.4595"
"13 Mar 17","0.4839"
"10 Mar 17","0.4865"
"09 Mar 17","0.4635"
"08 Mar 17","0.4651"
"07 Mar 17","0.4355"
"06 Mar 17","0.4589"
"03 Mar 17","0.4452"
"02 Mar 17","0.4633"
"01 Mar 17","0.4589"
"28 Feb 17","0.4161"
"27 Feb 17","0.4219"
"24 Feb 17","0.4302"
"23 Feb 17","0.4748"
"22 Feb 17","0.5061"
"21 Feb 17","0.5447"
"20 Feb 17","0.5276"
"17 Feb 17","0.523"
"16 Feb 17","0.5609"
"15 Feb 17","0.6076"
"14 Feb 17","0.6175"
"13 Feb 17","0.6067"
"10 Feb 17","0.5886"
"09 Feb 17","0.5605"
"08 Feb 17","0.5536"
"07 Feb 17","0.5893"
"06 Feb 17","0.6119"
"03 Feb 17","0.6439"
"02 Feb 17","0.6703"
"01 Feb 17","0.7384"
"31 Jan 17","0.7051"
"30 Jan 17","0.718"
"27 Jan 17","0.7303"
"26 Jan 17","0.7614"
"25 Jan 17","0.7205"
"24 Jan 17","0.6739"
"23 Jan 17","0.6761"
"20 Jan 17","0.7139"
"19 Jan 17","0.6927"
"18 Jan 17","0.6382"
"17 Jan 17","0.6156"
"16 Jan 17","0.6245"
"13 Jan 17","0.6577"
"12 Jan 17","0.6111"
"11 Jan 17","0.6579"
"10 Jan 17","0.6662"
"09 Jan 17","0.6546"
"06 Jan 17","0.6742"
"05 Jan 17","0.6251"
"04 Jan 17","0.6221"
"03 Jan 17","0.6244"
"30 Dec 16","0.5349"
"29 Dec 16","0.5337"
"28 Dec 16","0.5785"
"23 Dec 16","0.6028"
"22 Dec 16","0.6264"
"21 Dec 16","0.6325"
"20 Dec 16","0.6723"
"19 Dec 16","0.6696"
"16 Dec 16","0.7056"
"15 Dec 16","0.7224"
"14 Dec 16","0.6323"
"13 Dec 16","0.6666"
"12 Dec 16","0.7032"
"09 Dec 16","0.6713"
"08 Dec 16","0.6327"
"07 Dec 16","0.6297"
"06 Dec 16","0.6609"
"05 Dec 16","0.6424"
"02 Dec 16","0.632"
"01 Dec 16","0.6969"
"30 Nov 16","0.6576"
"29 Nov 16","0.6378"
"28 Nov 16","0.6334"
"25 Nov 16","0.6753"
"24 Nov 16","0.6965"
"23 Nov 16","0.7279"
"22 Nov 16","0.6942"
"21 Nov 16","0.7236"
"18 Nov 16","0.7561"
"17 Nov 16","0.7106"
"16 Nov 16","0.723"
"15 Nov 16","0.6999"
"14 Nov 16","0.7409"
"11 Nov 16","0.7005"
"10 Nov 16","0.687"
"09 Nov 16","0.6063"
"08 Nov 16","0.6085"
"07 Nov 16","0.5706"
"04 Nov 16","0.5295"
"03 Nov 16","0.5875"
"02 Nov 16","0.568"
"01 Nov 16","0.6498"
"31 Oct 16","0.6232"
"28 Oct 16","0.6466"
"27 Oct 16","0.637"
"26 Oct 16","0.5824"
"25 Oct 16","0.5138"
"24 Oct 16","0.5217"
"21 Oct 16","0.511"
"20 Oct 16","0.5036"
"19 Oct 16","0.4999"
"18 Oct 16","0.4962"
"17 Oct 16","0.5151"
"14 Oct 16","0.5075"
"13 Oct 16","0.4411"
"12 Oct 16","0.4615"
"11 Oct 16","0.4228"
"10 Oct 16","0.4464"
"07 Oct 16","0.3882"
"06 Oct 16","0.3275"
"05 Oct 16","0.2849"
"04 Oct 16","0.2788"
"03 Oct 16","0.2378"
"30 Sep 16","0.2701"
"29 Sep 16","0.2332"
"28 Sep 16","0.2009"
"27 Sep 16","0.2007"
"26 Sep 16","0.2152"
"23 Sep 16","0.237"
"22 Sep 16","0.231"
"21 Sep 16","0.2797"
"20 Sep 16","0.2763"
"19 Sep 16","0.3229"
"16 Sep 16","0.3195"
"15 Sep 16","0.3443"
"14 Sep 16","0.3528"
"13 Sep 16","0.3559"
"12 Sep 16","0.3313"
"09 Sep 16","0.339"
"08 Sep 16","0.2766"
"07 Sep 16","0.2131"
"06 Sep 16","0.2253"
"05 Sep 16","0.2593"
"02 Sep 16","0.2789"
"01 Sep 16","0.2426"
"31 Aug 16","0.2244"
"30 Aug 16","0.2425"
"26 Aug 16","0.2336"
"25 Aug 16","0.2417"
"24 Aug 16","0.2455"
"23 Aug 16","0.2246"
"22 Aug 16","0.2173"
"19 Aug 16","0.2678"
"18 Aug 16","0.2103"
"17 Aug 16","0.1877"
"16 Aug 16","0.2465"
"15 Aug 16","0.178"
"12 Aug 16","0.1628"
"11 Aug 16","0.1723"
"10 Aug 16","0.1451"
"09 Aug 16","0.1686"
"08 Aug 16","0.1635"
"05 Aug 16","0.2142"
"04 Aug 16","0.1893"
"03 Aug 16","0.3358"
"02 Aug 16","0.3533"
"01 Aug 16","0.2967"
"29 Jul 16","0.2656"
"28 Jul 16","0.2782"
"27 Jul 16","0.2939"
"26 Jul 16","0.354"
"25 Jul 16","0.3238"
"22 Jul 16","0.336"
"21 Jul 16","0.3781"
"20 Jul 16","0.3782"
"19 Jul 16","0.3729"
"18 Jul 16","0.3614"
"15 Jul 16","0.3646"
"14 Jul 16","0.3494"
"13 Jul 16","0.3078"
"12 Jul 16","0.3745"
"11 Jul 16","0.3445"
"08 Jul 16","0.316"
"07 Jul 16","0.339"
"06 Jul 16","0.3252"
"05 Jul 16","0.3184"
"04 Jul 16","0.3527"
"01 Jul 16","0.3842"
"30 Jun 16","0.3749"
"29 Jun 16","0.3972"
"28 Jun 16","0.4183"
"27 Jun 16","0.3916"
"24 Jun 16","0.5437"
"23 Jun 16","0.8421"
"22 Jun 16","0.8075"
"21 Jun 16","0.7852"
"20 Jun 16","0.7462"
"17 Jun 16","0.6431"
"16 Jun 16","0.5996"
"15 Jun 16","0.6128"
"14 Jun 16","0.62"
"13 Jun 16","0.6963"
"10 Jun 16","0.7086"
"09 Jun 16","0.7108"
"08 Jun 16","0.7162"
"07 Jun 16","0.697"
"06 Jun 16","0.7062"
"03 Jun 16","0.7052"
"02 Jun 16","0.7701"
"01 Jun 16","0.8026"
"31 May 16","0.8682"
"27 May 16","0.8739"
"26 May 16","0.8461"
"25 May 16","0.8795"
"24 May 16","0.8931"
"23 May 16","0.8587"
"20 May 16","0.8556"
"19 May 16","0.8231"
"18 May 16","0.8182"
"17 May 16","0.7472"
"16 May 16","0.768"
"13 May 16","0.747"
"12 May 16","0.7698"
"11 May 16","0.756"
"10 May 16","0.7566"
"09 May 16","0.7719"
"06 May 16","0.7829"
"05 May 16","0.8272"
"04 May 16","0.8701"
"03 May 16","0.8811"
"29 Apr 16","0.9423"
"28 Apr 16","0.9407"
"27 Apr 16","0.9592"
"26 Apr 16","0.984"
"25 Apr 16","0.9303"
"22 Apr 16","0.9166"
"21 Apr 16","0.9004"
"20 Apr 16","0.8085"
"19 Apr 16","0.8525"
"18 Apr 16","0.8156"
"15 Apr 16","0.7676"
"14 Apr 16","0.7881"
"13 Apr 16","0.7748"
"12 Apr 16","0.7807"
"11 Apr 16","0.7316"
"08 Apr 16","0.7083"
"07 Apr 16","0.6742"
"06 Apr 16","0.7269"
"05 Apr 16","0.7257"
"04 Apr 16","0.7728"
"01 Apr 16","0.7797"
"31 Mar 16","0.7755"
"30 Mar 16","0.8221"
"29 Mar 16","0.7963"
"24 Mar 16","0.8312"
"23 Mar 16","0.8061"
"22 Mar 16","0.8108"
"21 Mar 16","0.8319"
"18 Mar 16","0.8198"
"17 Mar 16","0.8172"
"16 Mar 16","0.8755"
"15 Mar 16","0.8958"
"14 Mar 16","0.9263"
"11 Mar 16","0.9472"
"10 Mar 16","0.8915"
"09 Mar 16","0.8193"
"08 Mar 16","0.7346"
"07 Mar 16","0.803"
"04 Mar 16","0.816"
"03 Mar 16","0.7841"
"02 Mar 16","0.7832"
"01 Mar 16","0.7143"
"29 Feb 16","0.6628"
"26 Feb 16","0.731"
"25 Feb 16","0.7006"
"24 Feb 16","0.6946"
"23 Feb 16","0.7634"
"22 Feb 16","0.7556"
"19 Feb 16","0.7634"
"18 Feb 16","0.7917"
"17 Feb 16","0.8286"
"16 Feb 16","0.7884"
"15 Feb 16","0.799"
"12 Feb 16","0.7847"
"11 Feb 16","0.6538"
"10 Feb 16","0.7952"
"09 Feb 16","0.7753"
"08 Feb 16","0.7613"
"05 Feb 16","0.9105"
"04 Feb 16","0.9057"
"03 Feb 16","0.8707"
"02 Feb 16","0.915"
"01 Feb 16","0.9855"
"29 Jan 16","0.9225"
"28 Jan 16","1.0322"
"27 Jan 16","1.0604"
"26 Jan 16","1.0622"
"25 Jan 16","1.0532"
"22 Jan 16","1.086"
"21 Jan 16","1.046"
"20 Jan 16","1.0009"
"19 Jan 16","1.0639"
"18 Jan 16","1.0385"
"15 Jan 16","1.0032"
"14 Jan 16","1.0889"
"13 Jan 16","1.1074"
"12 Jan 16","1.1258"
"11 Jan 16","1.1404"
"08 Jan 16","1.1407"
"07 Jan 16","1.1843"
"06 Jan 16","1.1794"
"05 Jan 16","1.2526"
"04 Jan 16","1.264"